raw_sector,source,mapped_sector,sector_code
aaa,mc,,
aadharhousing,mc,,
aadiindustries,mc,,
aafsgnfgbdfbef,mc,,
aanandalakshmi,mc,,
aapadpdp,mc,,
aaronindustrie,mc,,
aartechsolonic,mc,,
aartisurfactan,mc,,
aastafin,mc,,
aayushart,mc,,
aayushwellness,mc,,
abacacvlknalb,mc,,
abakkusinvman,mc,,
abansfinancial,mc,,
abateasind,mc,,
abcorp,mc,,
abesc,mc,,
abhinandan,mc,,
abhinavcapital,mc,,
abhishekfinle,mc,,
abhishekintegr,mc,,
abinre1,mc,,
abnintercorp,mc,,
absllifegold,mc,,
abslliqetf,mc,,
abslmscietf,mc,,
abslnifty200,mc,,
abslnifty50,mc,,
abslniftybank,mc,,
abslniftyheal,mc,,
abslniftyit,mc,,
abslniftynext,mc,,
abslpseetf,mc,,
abslqual30,mc,,
abslsiletf,mc,,
absltop10bk,mc,,
absmarine,mc,,
accordtransfor,mc,,
accretionnutra,mc,,
aceeng,mc,,
acetechecom,mc,,
acgl,mc,,
achyuthealth,mc,,
acjlascadbsvdj,mc,,
acmasnvadndcnd,mc,,
acstechnologie,mc,,
acutaaschem,mc,,
adanienpp1,mc,,
adanitotalgas,mc,,
adarshplant,mc,,
adconcapital,mc,,
addictivelearn,mc,,
addshoperetai,mc,,
adhataglobal,mc,,
adhbhutinfra,mc,,
adhirajdistrib,mc,,
adityabirlare,mc,,
adlinechemlab,mc,,
adncadpinc,mc,,
advaitenergy,mc,,
advancepetro,mc,,
aeonxdigi,mc,,
aeroflexneu,mc,,
aerpaceind,mc,,
aerpacere,mc,,
afelre,mc,,
affle3i,mc,,
agarwalfortune,mc,,
aggarsainspinn,mc,,
agigreenpac,mc,,
agolre,mc,,
agribiospirits,mc,,
ahladaengineer,mc,,
aikpipes,mc,,
airan,mc,,
airlines,mc,,
ajaxeng,mc,,
ajbcjsbclvnsdj,mc,,
ajoonire1,mc,,
ajwafunworld,mc,,
akcbadcv,mc,,
akgexim,mc,,
akiindia,mc,,
alanre,mc,,
alanscottent,mc,,
alchemistcorp,mc,,
alcokraftdisti,mc,,
algoquantfin,mc,,
alivuslife,mc,,
allcargogati,mc,,
alldigitech,mc,,
alpexsolar,mc,,
alphaetf,mc,,
alphalogictech,mc,,
alstonetext,mc,,
altiustelecom,mc,,
aluwindinfra,mc,,
amagimedialab,mc,,
amalre,mc,,
amanayaventure,mc,,
ambaniorgochem,mc,,
ambicaagar,mc,,
amerisebio,mc,,
ampvolts,mc,,
amraworld,mc,,
amwillhealth,mc,,
anantraj,mc,,
ancsocoon,mc,,
andhrsugar,mc,,
andjdvbcsdjncn,mc,,
angelliquid,mc,,
angelnifty,mc,,
angelniftytm,mc,,
angelone,mc,,
angeloneamc,mc,,
angelsilver,mc,,
aniritventures,mc,,
anjanifoods,mc,,
anjaniportland,mc,,
ansindustries,mc,,
antonywaste,mc,,
anupeng,mc,,
anurooppackag,mc,,
anuroopre,mc,,
anxjljldadj,mc,,
anzenindiaene,mc,,
apeejaypark,mc,,
apisindia,mc,,
apollomicrosy,mc,,
apollosindoori,mc,,
apsindia,mc,,
aptpackagings,mc,,
arcfinre,mc,,
archidplydecor,mc,,
arclorganics,mc,,
arigatounivers,mc,,
arihantavenues,mc,,
aritasvinyl,mc,,
armanholdings,mc,,
armoursecurity,mc,,
artificialelec,mc,,
arunahotelsre,mc,,
arunisre,mc,,
arunisre1,mc,,
arveelab,mc,,
arvindfashpp,mc,,
arvindfasre,mc,,
arvindport,mc,,
ascaps,mc,,
ascomleasing,mc,,
asdkjbckdb,mc,,
asgardalcobev,mc,,
ashnire,mc,,
ashnishaind,mc,,
ashnoorre,mc,,
ashokarefinery,mc,,
asian,mc,,
asianpetro,mc,,
aspirapathlab,mc,,
assam,mc,,
astallab,mc,,
astramicrowave,mc,,
atlantaa,mc,,
atmastco,mc,,
atnint,mc,,
aureatetradde,mc,,
aurigrowindia,mc,,
aurumproptech,mc,,
authuminvest,mc,,
authuminvre,mc,,
autoancillariesbearings,mc,,
autoancillariesengineparts,mc,,
autoancillariesgears,mc,,
autoancillary,mc,,
autofurnish,mc,,
automobilepassengercars,mc,,
automobiletractors,mc,,
availablefinan,mc,,
avanaelectrosy,mc,,
avasarafinance,mc,,
avatarind,mc,,
aveerfoods,mc,,
aventusbuildco,mc,,
avenuesai,mc,,
avipolymers,mc,,
avipolymersre,mc,,
avishkarinfra,mc,,
avroindia,mc,,
avslindustries,mc,,
awfisspacesol,mc,,
awlagri,mc,,
axisamc,mc,,
axisbsesensex,mc,,
axisgoldetf,mc,,
axisnifty50,mc,,
axisniftybank,mc,,
axisniftycons,mc,,
axisniftyheal,mc,,
axisniftysdl,mc,,
axisniitetf,mc,,
axissilveretf,mc,,
ayefinance,mc,,
azadindiamobi,mc,,
aztecfluids,mc,,
babafoodproce,mc,,
bajajfinance,mc,,
bajajfinserva,mc,,
bajajniftybetf,mc,,
balco,mc,,
balgopalcommer,mc,,
balmlawrie,mc,,
bandhanamc,mc,,
bandhansilver,mc,,
bankbetf,mc,,
bankex,mc,,
bapackaging,mc,,
barb,mc,,
barodabnppari,mc,,
bazelinternati,mc,,
bbapr32etf,mc,,
bbapr33etf,mc,,
bbnpnbetf,mc,,
bbtriplewall,mc,,
bcabcuaabvalca,mc,,
bclindustries,mc,,
bdrbuildcon,mc,,
bestagrolife,mc,,
bflassetfinve,mc,,
bhandare2,mc,,
bharat22etf,mc,,
bharatcoking,mc,,
bharatdynamics,mc,,
bharatelec,mc,,
bharatparenter,mc,,
bheemacements,mc,,
bhudeviinfra,mc,,
bigblocconstru,mc,,
bil,mc,,
bilvyapar,mc,,
binayakatex,mc,,
biomedicalab,mc,,
biopolchemical,mc,,
biotechnologymedicalresearch,mc,,
birlatyres,mc,,
blackbuck,mc,,
blkashyap,mc,,
bluecloud,mc,,
bluegodent,mc,,
bluepearlagri,mc,,
blugodre,mc,,
bnrathi,mc,,
bodhitreemult,mc,,
bombaytalkies,mc,,
bomdyeing,mc,,
bonlonindustri,mc,,
brainbeessolu,mc,,
brandconcepts,mc,,
brandmanretail,mc,,
brightsolar,mc,,
brisktech,mc,,
bse100bvra,mc,,
bse100pera,mc,,
bse100yield,mc,,
bse200,mc,,
bse200bvra,mc,,
bse200pera,mc,,
bse200yield,mc,,
bse30bvra,mc,,
bse30pera,mc,,
bse30yield,mc,,
bse500,mc,,
bsecapgoods,mc,,
bseconsumerdu,mc,,
bsedollex,mc,,
bsedollex30,mc,,
bsefmcgsector,mc,,
bsehealthcare,mc,,
bseitsector,mc,,
bselalgo,mc,,
bsenational,mc,,
bsepsu,mc,,
bsesensex,mc,,
bslsenetfg,mc,,
cams,mc,,
candourtechtex,mc,,
canopy,mc,,
capaciteinfra,mc,,
capitalmindam,mc,,
capitalsfb,mc,,
caprire,mc,,
carysil,mc,,
caspian,mc,,
castoraagri,mc,,
ceenikexports,mc,,
ceetaindustrie,mc,,
cellecor,mc,,
centupleglobal,mc,,
cgflre,mc,,
chandanhealthc,mc,,
chandrabhagat,mc,,
chandrimamerca,mc,,
chembondmateri,mc,,
chemiesynthva,mc,,
chetanaedu,mc,,
choiceamc,mc,,
cholainvest,mc,,
cieindia,mc,,
cindrellafin,mc,,
citygoldcredi,mc,,
citypulse,mc,,
ckkretail,mc,,
classicfilamen,mc,,
classicleasing,mc,,
cleanmaxenvir,mc,,
cochinshipyard,mc,,
cohancelife,mc,,
command,mc,,
compressorspumps,mc,,
concordbiotech,mc,,
consecutivecom,mc,,
consumer,mc,,
containerway,mc,,
containerwayin,mc,,
continentalsec,mc,,
continentchem,mc,,
coralnewsprint,mc,,
coronaremedies,mc,,
cospower,mc,,
countrycondos,mc,,
cpseetf,mc,,
creativegraphi,mc,,
credentglobal,mc,,
creditaccessgr,mc,,
crgoldetf,mc,,
crystalbusines,mc,,
ctil,mc,,
cubehighwayst,mc,,
cubicalfinser,mc,,
cvsv,mc,,
dangeedums,mc,,
danubeind,mc,,
daulatsec,mc,,
dcinfotech,mc,,
dcmshriramfin,mc,,
dcmshriramint,mc,,
debockind,mc,,
deccanhealth,mc,,
deccantranscon,mc,,
decillionfin,mc,,
decorousinvest,mc,,
defence,mc,,
defrailtechnol,mc,,
deksoncastings,mc,,
delaplex,mc,,
dhanalaxmicote,mc,,
dhanalaxmiroto,mc,,
dhanashreeelec,mc,,
dhansafalfinse,mc,,
dharaninfra,mc,,
dharire,mc,,
dharmajcrop,mc,,
dhartiproteins,mc,,
dhindiare,mc,,
dhruvacapital,mc,,
digicontent,mc,,
digidrivedist,mc,,
digilogicsyst,mc,,
digitalfibrei,mc,,
dikshagreens,mc,,
divinepower,mc,,
divyashakti,mc,,
djhdckb,mc,,
djmediaprint,mc,,
dlclre,mc,,
dmcc,mc,,
dmrengineering,mc,,
dnl,mc,,
dolatalgotech,mc,,
dreamfolksser,mc,,
dronedesti,mc,,
drsdiliproadl,mc,,
dsjkeeplearn,mc,,
dspassetmanag,mc,,
dspbseliquid,mc,,
dspbsenext30,mc,,
dspbsesensex,mc,,
dspgoldetf,mc,,
dsphealthcare,mc,,
dspliquidetf,mc,,
dspmidcapqual,mc,,
dspniftybank,mc,,
dspniftyetf,mc,,
dspniftyew,mc,,
dspniftyit,mc,,
dspprivbank,mc,,
dsppsbanketf,mc,,
dspsilveretf,mc,,
dsptop10bks,mc,,
dsptop10ew,mc,,
dudigitalre,mc,,
duglobal,mc,,
durlaxre,mc,,
durlaxtopsurf,mc,,
easyfincorp,mc,,
ecapinsure,mc,,
ecml,mc,,
ecohotels,mc,,
ecosindiamobi,mc,,
edelbanketf,mc,,
edelbanknift,mc,,
edelgoldetf,mc,,
edelmomqual,mc,,
edelniftyetf,mc,,
edelsilver,mc,,
edelweissasset,mc,,
efactorexperi,mc,,
efc,mc,,
eihre,mc,,
eikopp,mc,,
eldecohousing,mc,,
electricequipmentboilersturbines,mc,,
electricequipmenttransformers,mc,,
electrodesweldingequipment,mc,,
electroforce,mc,,
elegantflori,mc,,
elfinagroind,mc,,
elforge,mc,,
eliteconintl,mc,,
emaindia,mc,,
embassydevelop,mc,,
emeraldfinance,mc,,
emkaytools,mc,,
emrockcorp,mc,,
enbeere2,mc,,
energyinfra,mc,,
energymission,mc,,
enfusesolution,mc,,
engineersindia,mc,,
enterohealth,mc,,
epicenergy,mc,,
epigral,mc,,
equippp,mc,,
eraayalife,mc,,
erpsoftsystem,mc,,
escortskubota,mc,,
espirehospital,mc,,
espritstones,mc,,
eternal,mc,,
etf,mc,,
eurekaind,mc,,
evanselectric,mc,,
everfin,mc,,
explicitfinance,mc,,
expoeng,mc,,
eyantraventure,mc,,
fabinoent,mc,,
feddersholding,mc,,
ferromanganese,mc,,
fineotexchem,mc,,
finopayments,mc,,
firstcustodian,mc,,
fischermedical,mc,,
flomicglobal,mc,,
fmecintl,mc,,
forbesprecisio,mc,,
forcasstudio,mc,,
fourthgeninfo,mc,,
fractalanalyti,mc,,
fractalind,mc,,
franklintempa,mc,,
fratellivineya,mc,,
froginnovation,mc,,
frontlinecorp,mc,,
fusionfinance,mc,,
futuristicsec,mc,,
fynxcapital,mc,,
gajanansec,mc,,
galacticocorp,mc,,
galactre,mc,,
galaxyagrico,mc,,
gallopsent,mc,,
gamco,mc,,
gangaforging,mc,,
gangapharma,mc,,
garbifinvest,mc,,
garmentmantra,mc,,
garodiachemica,mc,,
gatechdvr,mc,,
gatewaydistre,mc,,
gaudiumivf,mc,,
gautamgems,mc,,
gb250sep28,mc,,
gcmsecurities,mc,,
geeceeventures,mc,,
genomicvalley,mc,,
gfl,mc,,
ggdandekar,mc,,
ghvinfra,mc,,
gian,mc,,
girnatureview,mc,,
glcl,mc,,
globaldefence,mc,,
globaletessile,mc,,
globere,mc,,
gloster,mc,,
gm,mc,,
gmrairports,mc,,
gnfc,mc,,
goblinindia,mc,,
godigit,mc,,
gokulre,mc,,
gokulsolutions,mc,,
gold,mc,,
goldetf,mc,,
goyalsalt,mc,,
gracioussoftwa,mc,,
gradienteinfo,mc,,
grandfoundry,mc,,
grandoak,mc,,
grasimpp,mc,,
grasimpp1,mc,,
grbsehospital,mc,,
greenhitechven,mc,,
greenpanelind,mc,,
greensignalbio,mc,,
grillsplendour,mc,,
grindiarail,mc,,
grininternet,mc,,
grliquid,mc,,
grlowvol50,mc,,
grmidcap150,mc,,
grmomentum50,mc,,
grnext50,mc,,
grnifty200,mc,,
grniftypse,mc,,
groarcind,mc,,
groverjewells,mc,,
growniftyev,mc,,
growwamc,mc,,
growwdefence,mc,,
growwgoldetf,mc,,
growwslvr,mc,,
grpsubank,mc,,
gse10ygilt,mc,,
gstlre,mc,,
gttdatasolu,mc,,
gujambexports,mc,,
gujaratwinding,mc,,
gujinjectkera,mc,,
gujjubhaiind,mc,,
gujtlrmre,mc,,
gujtoolroom,mc,,
halderventure,mc,,
hamptonsky,mc,,
hannahjoseph,mc,,
harigcrankshaf,mc,,
harikantaovers,mc,,
haslifestyle,mc,,
hathwaybhawani,mc,,
hatsunre,mc,,
hbghotels,mc,,
hccre,mc,,
hcgre,mc,,
hdfcbse500,mc,,
hdfcbsesensex,mc,,
hdfcgoldetf,mc,,
hdfcliquid,mc,,
hdfcmomentum,mc,,
hdfcn50etf,mc,,
hdfcnifty100,mc,,
hdfcnifty250,mc,,
hdfcnifty50,mc,,
hdfcniftybank,mc,,
hdfcniftygro,mc,,
hdfcniftyit,mc,,
hdfcniftylow,mc,,
hdfcniftymid,mc,,
hdfcniftynext,mc,,
hdfcniftypri,mc,,
hdfcniftyqua,mc,,
hdfcsiletf,mc,,
headsupvent,mc,,
heeraispat,mc,,
helioscapital,mc,,
helpagefin,mc,,
hemisphere,mc,,
hemoorganic,mc,,
hexagonnutriti,mc,,
highwayre,mc,,
higreencarbon,mc,,
hilltonesoftg,mc,,
hiltonre,mc,,
hiltonre1,mc,,
hiltonre2,mc,,
hindalco,mc,,
hindpetro,mc,,
hindwareap,mc,,
hisarspinning,mc,,
hitachienergy,mc,,
hpadhesives,mc,,
hrhnext,mc,,
hsbcassetmgt,mc,,
hsbcgoldetf,mc,,
hummingbird,mc,,
husysconsultin,mc,,
iblfinance,mc,,
icds,mc,,
iciciamc,mc,,
icicilombard,mc,,
icicim150,mc,,
icicin100etf,mc,,
icicin20etf,mc,,
iclorganic,mc,,
iconiksports,mc,,
icqual30ietf,mc,,
idbibank,mc,,
idbigoldetf,mc,,
idfc,mc,,
idfcmf,mc,,
idfcsensex,mc,,
ielre,mc,,
ifci010811b,mc,,
iflenterprises,mc,,
ifs,mc,,
igil,mc,,
iiflcapital,mc,,
iiflfinancere,mc,,
iirmholdings,mc,,
ikiotech,mc,,
ikomatech,mc,,
ilfsinfraam,mc,,
imagicaaworld,mc,,
inconengineers,mc,,
indiabulls,mc,,
indiamartinter,mc,,
indiashelter,mc,,
indocotspin,mc,,
indoglobalent,mc,,
indosmc,mc,,
indrenre,mc,,
indsoyre,mc,,
indusinfratru,mc,,
inflameappl,mc,,
infronicssyst,mc,,
infurnia,mc,,
infurniaholdin,mc,,
innocorp,mc,,
innovacaptab,mc,,
innovativeidea,mc,,
innovision,mc,,
intconstructio,mc,,
integproteins,mc,,
integraessenti,mc,,
intelligentsup,mc,,
interarchbuild,mc,,
interisetrust,mc,,
invegoldetf,mc,,
inveniftyetf,mc,,
invescoassetm,mc,,
iodpl,mc,,
iprubse500,mc,,
iprubseliquid,mc,,
iprubsesensex,mc,,
ipruevetf,mc,,
iprugoldetf,mc,,
ipruliquid,mc,,
iprunifty100,mc,,
iprunifty200,mc,,
iprunifty50,mc,,
iprunifty5yr,mc,,
ipruniftyalp,mc,,
ipruniftyauto,mc,,
ipruniftybank,mc,,
ipruniftycom,mc,,
ipruniftycon,mc,,
ipruniftyfin,mc,,
ipruniftyfmcg,mc,,
ipruniftyhea,mc,,
ipruniftyinf,mc,,
ipruniftyit,mc,,
ipruniftymeta,mc,,
ipruniftynext,mc,,
ipruniftyoil,mc,,
ipruniftypri,mc,,
ipruniftypsu,mc,,
iprusilveretf,mc,,
iprutop15ew,mc,,
ipruvalue30,mc,,
irbinfra,mc,,
irbinvit,mc,,
irbit,mc,,
irisclothings,mc,,
irisregtech,mc,,
irmenergy,mc,,
ishaaninfrastr,mc,,
istreetnetwork,mc,,
italianedibles,mc,,
itc,mc,,
itiassetmanag,mc,,
itnetworking,mc,,
iykotre,mc,,
jagsonpalser,mc,,
jaisukhdealers,mc,,
jakhariafabric,mc,,
janasfb,mc,,
jaschgauging,mc,,
jayabharatcred,mc,,
jayatmaenterpr,mc,,
jaybeelaminat,mc,,
jaybharattext,mc,,
jaykayent,mc,,
jcl,mc,,
jcvdav,mc,,
jdbcdabcdb,mc,,
jhssvendgaard,mc,,
jindalsteel,mc,,
jioblackrocka,mc,,
jmfinancialam,mc,,
jojo,mc,,
jshvcjsvc,mc,,
jslindustries,mc,,
jsvjcsv,mc,,
jswinfra,mc,,
jtldefence,mc,,
jtlind,mc,,
jubilanting,mc,,
juneind,mc,,
jyotire1,mc,,
kairosoftai,mc,,
kalanaispat,mc,,
kalyancapitals,mc,,
kamopaints,mc,,
kanakkrishi,mc,,
kanishkalumini,mc,,
kanpurplastipa,mc,,
kanungofinanci,mc,,
kapstonservice,mc,,
kasturimetal,mc,,
katariaind,mc,,
katipatang,mc,,
kawires,mc,,
kayceeenergy,mc,,
kbcsb,mc,,
kbibc,mc,,
kcdindustries,mc,,
kcdre,mc,,
kclinfra,mc,,
kcnascascnn,mc,,
kdbckbc,mc,,
kddlri,mc,,
keeplnre,mc,,
keventeragro,mc,,
khandelext,mc,,
khfmhospitalit,mc,,
khoobsure,mc,,
khsbskhb,mc,,
kiaasaretail,mc,,
kidsmedical,mc,,
kidujaindia,mc,,
kinetictrust,mc,,
kiransyntex,mc,,
kirloskarind,mc,,
kisaanparivar,mc,,
kjmcfinser,mc,,
kkfincorp,mc,,
kotakgoldetf,mc,,
kotakmahindra,mc,,
kotaknifty100,mc,,
kotaknifty1d,mc,,
kotaknifty50,mc,,
kotakniftyalp,mc,,
kotakniftyban,mc,,
kotakniftyit,mc,,
kotakniftymnc,mc,,
kotakniftypsu,mc,,
kotaksensex,mc,,
kotaksilveret,mc,,
kotmidcap150,mc,,
kotmsciind,mc,,
kpigreen,mc,,
kpittech,mc,,
kpragrochem,mc,,
krishivalfoods,mc,,
krishnadefence,mc,,
kritikawires,mc,,
krmayurveda,mc,,
krrailengine,mc,,
kshitijpolylin,mc,,
kshitire,mc,,
kuberanglobal,mc,,
kumbhatfinser,mc,,
kundanedifice,mc,,
kushindustries,mc,,
kwalitywalls,mc,,
lagnamspintex,mc,,
landmarkglobal,mc,,
lastmileent,mc,,
latimpp,mc,,
laxmigoldorna,mc,,
leadreclaim,mc,,
leelapalaces,mc,,
legacymercanti,mc,,
leharfootwears,mc,,
lerthaifinance,mc,,
lexoraaind,mc,,
libasre,mc,,
licetfnifty50,mc,,
licetfsensex,mc,,
licgoldetf,mc,,
licgsecgo,mc,,
licgseclt,mc,,
licindia,mc,,
licnifty100,mc,,
licniftymid,mc,,
linaksmicro,mc,,
linc,mc,,
liotechindustr,mc,,
liquidbetf,mc,,
lodhadeveloper,mc,,
logica,mc,,
lohiasec,mc,,
longspurint,mc,,
lsnnsu,mc,,
ltfhre,mc,,
ltfinance,mc,,
ltfoods,mc,,
lttechnology,mc,,
luharukre,mc,,
macobstech,mc,,
madhavinfrapr,mc,,
madhubanconst,mc,,
madhyabharata,mc,,
magellanic,mc,,
magnusretail,mc,,
magnussteel,mc,,
mahalaxmifabri,mc,,
mahalaxmism,mc,,
mahaveerinfo,mc,,
mahealthcare,mc,,
mahindramanuli,mc,,
maitri,mc,,
man500502525,mc,,
mangalamalloys,mc,,
mangalamglobal,mc,,
mangalcredit,mc,,
manglaminfra,mc,,
manifbanketf,mc,,
manifitetf,mc,,
manilamindustr,mc,,
manojceramic,mc,,
manojvaibhavg,mc,,
mapleinfra,mc,,
marblecityind,mc,,
marcocables,mc,,
margtechnopro,mc,,
marineelectric,mc,,
markobre,mc,,
markobre1,mc,,
markolines,mc,,
markore,mc,,
marushikatechn,mc,,
marutiglobal,mc,,
marutiinfra,mc,,
maselectipo,mc,,
mastercompo,mc,,
maxestates,mc,,
maxgrowindia,mc,,
maxposure,mc,,
maxventuresan,mc,,
mblinfra,mc,,
md,mc,,
mediaoneglobal,mc,,
meganirman,mc,,
megasoftre,mc,,
megatherm,mc,,
mercuryevtech,mc,,
mermetlre,mc,,
merritronix,mc,,
mflindia,mc,,
mfsintercorp,mc,,
mideastintegra,mc,,
midselietetf,mc,,
midwestgold,mc,,
migmedianeuro,mc,,
mihikaind,mc,,
milgreyfinance,mc,,
millennium,mc,,
minalind,mc,,
mindpooltechno,mc,,
mindspacereit,mc,,
mipcoseamless,mc,,
mirae1drate,mc,,
miraeassetinv,mc,,
miraebse200ew,mc,,
miraebsesens,mc,,
miraedefence,mc,,
miraeenergy,mc,,
miraeevetf,mc,,
miraegoldetf,mc,,
miraehangseng,mc,,
miraeindiaetf,mc,,
miraeinfrlogi,mc,,
miraeliquid,mc,,
miraenifty100,mc,,
miraenifty50,mc,,
miraenifty813,mc,,
miraeniftyew,mc,,
miraeniftyfin,mc,,
miraeniftylow,mc,,
miraeniftymid,mc,,
miraeniftynext,mc,,
miraepsubank,mc,,
miraesilveret,mc,,
miraesp500,mc,,
miraetop20ew,mc,,
miraevalue50,mc,,
mirscap250,mc,,
mishtannfoods,mc,,
mishtanre,mc,,
misquitaengine,mc,,
mitconpp,mc,,
mitconre,mc,,
mitsure,mc,,
mittallifesty,mc,,
mkvenre,mc,,
mmfinancial,mc,,
mmfsre,mc,,
mo5ygsecetf,mc,,
mobavenueai,mc,,
mobiliseapp,mc,,
mobsequality,mc,,
mocapmkt,mc,,
modefence,mc,,
moderneng,mc,,
modisnavnirman,mc,,
modison,mc,,
mohealthcare,mc,,
moindmfg,mc,,
mointourism,mc,,
moldtektech,mc,,
molowvol,mc,,
mom50etf,mc,,
momidcap100,mc,,
momomentum,mc,,
mon500m50etf,mc,,
monasdaq100,mc,,
monasdaqq50,mc,,
monext50,mc,,
moneymasters,mc,,
monifty200mom,mc,,
monifty500,mc,,
monifty50ew,mc,,
moniftypse,mc,,
moniftyrealt,mc,,
moniftysmall,mc,,
monind,mc,,
monopharmacare,mc,,
morganventures,mc,,
mospbseenh,mc,,
motherson,mc,,
motilaloswala,mc,,
mpagro,mc,,
mpdl,mc,,
mpfsystems,mc,,
mrmanivenifo,mc,,
msafeequipment,mc,,
msmostshares,mc,,
mudrafinancial,mc,,
mufingreen,mc,,
mukatpipes,mc,,
mullerphip,mc,,
multilineinsurancebrokers,mc,,
muraere,mc,,
muzaliarts,mc,,
mymoneysec,mc,,
namanind,mc,,
narmadeshbrass,mc,,
nationalhighwa,mc,,
nationalperoxi,mc,,
naturalbiocon,mc,,
naturalcapre,mc,,
naturiteagro,mc,,
naviamc,mc,,
navinifty50,mc,,
nbfootwear,mc,,
ndmetal,mc,,
ndrautocompon,mc,,
neilindustries,mc,,
nelco,mc,,
netf,mc,,
netpix,mc,,
netweb,mc,,
newjaisatechno,mc,,
newlightind,mc,,
newtracfoods,mc,,
nexomere,mc,,
nfpsampoorna,mc,,
ngilre2,mc,,
niccoucofin,mc,,
nidhigranites,mc,,
nifty50,mc,,
niitmts,mc,,
nikitagreentec,mc,,
nilachalrefra,mc,,
nilainfra,mc,,
nilaspaces,mc,,
nipp1drate,mc,,
nippbsenxt30,mc,,
nippbsenxt50,mc,,
nippgoldbees,mc,,
nipphangseng,mc,,
nippinfrabees,mc,,
nippnifty100,mc,,
nippnifty1d,mc,,
nippnifty50,mc,,
nippnifty50sh,mc,,
nippnifty5yr,mc,,
nippnifty813,mc,,
nippniftyauto,mc,,
nippniftybank,mc,,
nippniftycpse,mc,,
nippniftydiv,mc,,
nippniftyind,mc,,
nippniftyit,mc,,
nippniftymid,mc,,
nippniftynext,mc,,
nippniftyphar,mc,,
nippniftypsu,mc,,
nippniftysdl,mc,,
nippsensex,mc,,
nippsilveretf,mc,,
nippvalue20,mc,,
nirbhaycolours,mc,,
nitincastings,mc,,
nivakafashions,mc,,
njassetmanage,mc,,
nmsglobal,mc,,
northernspirit,mc,,
northlinkfisc,mc,,
novateorlabs,mc,,
nsemidcap,mc,,
nsl,mc,,
nupurrec,mc,,
nurturewell,mc,,
nutechglobal,mc,,
nxtinfratrust,mc,,
octalcredit,mc,,
octavius,mc,,
oldbridgeasse,mc,,
olilre,mc,,
omegainttech,mc,,
omnitechengine,mc,,
onecapre,mc,,
onixsolar,mc,,
optiemusinfra,mc,,
orientalri,mc,,
orientpaper,mc,,
ortinglobal,mc,,
osiahyperreta,mc,,
packagingpolyfilms,mc,,
padamcotton,mc,,
palcometals,mc,,
panabytetech,mc,,
panelectroncis,mc,,
panhrsolution,mc,,
panoramastudio,mc,,
paramparadairy,mc,,
pardrugs,mc,,
parinenter,mc,,
parmaxpharma,mc,,
parnavsportsa,mc,,
parvatisweet,mc,,
patanjalifoods,mc,,
patelintegrate,mc,,
patelre,mc,,
pcblchemical,mc,,
pcl,mc,,
perfectinfrap,mc,,
pgimindiaasse,mc,,
phcapital,mc,,
piotexind,mc,,
piramalenter,mc,,
piramalfinance,mc,,
pkhventures,mc,,
pnbmetlife,mc,,
pngsrevadiamo,mc,,
poddarhousing,mc,,
polysilirrigat,mc,,
ports,mc,,
powergridinvit,mc,,
ppfasassetmgt,mc,,
praveg,mc,,
precot,mc,,
premiercap,mc,,
premierchennai,mc,,
premierroad,mc,,
pressmanadvt,mc,,
pressre,mc,,
pressuresentiv,mc,,
primecapital,mc,,
primeindustrie,mc,,
primochemicals,mc,,
prizorviztech,mc,,
proclbglobal,mc,,
progrexventure,mc,,
propsharetita,mc,,
pulsarintl,mc,,
puretropfruits,mc,,
purshottaminvt,mc,,
pvvinre,mc,,
qlinebiotech,mc,,
qnifty,mc,,
qualitypower,mc,,
quantgoldetf,mc,,
quantmoneyman,mc,,
quantumamc,mc,,
questcapital,mc,,
quintdigital,mc,,
raajmarginfra,mc,,
raconteur,mc,,
rajasthansecu,mc,,
rajkotinvest,mc,,
rajnandinifash,mc,,
rajnandinimeta,mc,,
rajnishretail,mc,,
rajputanainves,mc,,
rajputanastain,mc,,
rajshreepolypa,mc,,
ramsonsproject,mc,,
ranjeetmechat,mc,,
rattanindiaent,mc,,
ravileelagran,mc,,
raymond,mc,,
rdbinfra,mc,,
realestateoperations,mc,,
redtape,mc,,
reetechintl,mc,,
refexrenew,mc,,
regalre,mc,,
regantoent,mc,,
regis,mc,,
relgoldetf,mc,,
relianceindust,mc,,
reliclifescie,mc,,
religarenifty,mc,,
relniftybees,mc,,
resgen,mc,,
responseinfo,mc,,
restaurantbran,mc,,
rexsealing,mc,,
rgfcapitalmar,mc,,
rhetantmt,mc,,
richfieldfin,mc,,
richuniverse,mc,,
ridhisyntre,mc,,
rites,mc,,
rjbiotech,mc,,
rmdripspri,mc,,
rnitaisolu,mc,,
roadstarinfra,mc,,
robusthotels,mc,,
rockingdeals,mc,,
rodiumrealty,mc,,
rojewels,mc,,
rolconengg,mc,,
ronihouseholds,mc,,
royalarcelect,mc,,
rril,mc,,
rrpsemiconduct,mc,,
rudraeco,mc,,
rudragas,mc,,
rudraglobal,mc,,
rulkaelec,mc,,
rushildecor,mc,,
rushildecorpp,mc,,
rushilpp1,mc,,
rushire1,mc,,
safariind,mc,,
saffronind,mc,,
sahajfashions,mc,,
sahajsolar,mc,,
saianandcomm,mc,,
sainikfinance,mc,,
saisilks,mc,,
sakumaexports,mc,,
salemerodeinv,mc,,
samcoassetmgt,mc,,
sameeraagro,mc,,
samind,mc,,
sammaancapital,mc,,
samorre,mc,,
samorre1,mc,,
samratforgings,mc,,
samsritalabs,mc,,
samyakintl,mc,,
sanasatechfeb,mc,,
sandesh,mc,,
sandumare,mc,,
sanghvimovers,mc,,
sanmitinfra,mc,,
sanstar,mc,,
sapplre,mc,,
sardaproteins,mc,,
sarojapharma,mc,,
sarthakind,mc,,
sarvottamfin,mc,,
satanibearings,mc,,
satincredipp1,mc,,
satincredit,mc,,
satincreditcar,mc,,
satipolyplast,mc,,
satkartarlife,mc,,
sawacare,mc,,
sayajiindore,mc,,
sayajipune,mc,,
sbcsb,mc,,
sbi1drate,mc,,
sbibankingetf,mc,,
sbibse100,mc,,
sbicard,mc,,
sbietf,mc,,
sbietfcon,mc,,
sbietfpvtban,mc,,
sbifundsmgt,mc,,
sbigoldetf,mc,,
sbiitetf,mc,,
sbilifeinsura,mc,,
sbimcmomentum,mc,,
sbineqwetf,mc,,
sbinifty50et,mc,,
sbiniftynt50,mc,,
sbipsubank,mc,,
sbiqualityetf,mc,,
sbisensexetf,mc,,
sbisilveretf,mc,,
sbjscv,mc,,
sbsjhvhsv,mc,,
scarnoseintl,mc,,
scscvch,mc,,
sdl,mc,,
sdl6842032,mc,,
sdvbcasdibc,mc,,
sdvbsidbvidb,mc,,
seacoastss,mc,,
seacore,mc,,
secmarkconsult,mc,,
sedemacmechatr,mc,,
sepc,mc,,
sepcre,mc,,
serainvestment,mc,,
sgb,mc,,
sgb250apr20,mc,,
sgb250may28,mc,,
sgbapr28i,mc,,
sgbaug27,mc,,
sgbaug28v,mc,,
sgbaug29v,mc,,
sgbdc27vii,mc,,
sgbdec25,mc,,
sgbdec2512,mc,,
sgbdec2513,mc,,
sgbdec25xi,mc,,
sgbdec26,mc,,
sgbfeb27,mc,,
sgbfeb28ix,mc,,
sgbfeb29xi,mc,,
sgbj28viii,mc,,
sgbjan26,mc,,
sgbjan27,mc,,
sgbjan29ix,mc,,
sgbjan29x,mc,,
sgbju29iii,mc,,
sgbjul27,mc,,
sgbjul28iv,mc,,
sgbjul29iv,mc,,
sgbjun27,mc,,
sgbjun28,mc,,
sgbmar28x,mc,,
sgbmar30x,mc,,
sgbmay26,mc,,
sgbmay28,mc,,
sgbmr29xii,mc,,
sgbn28viii,mc,,
sgbnov25,mc,,
sgbnov258,mc,,
sgbnov25ix,mc,,
sgbnov25vi,mc,,
sgbnov26,mc,,
sgboc28vii,mc,,
sgboct25,mc,,
sgboct25v,mc,,
sgboct26,mc,,
sgboct27,mc,,
sgboct27vi,mc,,
sgbsep27,mc,,
sgbsep28vi,mc,,
sgbsep29vi,mc,,
sgbseriesix,mc,,
sgbsriv2223,mc,,
sgfinserve,mc,,
sgmart,mc,,
sgncable,mc,,
sgrlre,mc,,
shadowfaxtech,mc,,
shaktipress,mc,,
shamrockind,mc,,
shankarlalram,mc,,
shantiguruind,mc,,
sharanaminfra,mc,,
sharere,mc,,
shayonaenginee,mc,,
sheetalunivers,mc,,
shekhawatiind,mc,,
shervaniindust,mc,,
sheshadriind,mc,,
shindlre,mc,,
shipbuilding,mc,,
shivalikrasa,mc,,
shivkamalimpex,mc,,
shradhaaitech,mc,,
shreehanuman,mc,,
shreemarutinan,mc,,
shreemfgco,mc,,
shreepacetroni,mc,,
shreeramtwist,mc,,
shreesecu,mc,,
shreetirupati,mc,,
shreminvit,mc,,
shrenik,mc,,
shrerare,mc,,
shribalajival,mc,,
shribhawani,mc,,
shriganginds,mc,,
shriram1drate,mc,,
shubhlaxmi,mc,,
shyamacomput,mc,,
siddhikacoat,mc,,
sigmaadvanced,mc,,
signatureglobal,mc,,
signaturegreen,mc,,
sikainterplant,mc,,
silgoretail,mc,,
silgoretailpp,mc,,
silkflexpoly,mc,,
siptlre1,mc,,
siyaramrecycli,mc,,
sizemasters,mc,,
sjcorporation,mc,,
sjhcvjsv,mc,,
sjsenterprises,mc,,
sjvccjavc,mc,,
sjvsjvv,mc,,
skbcsb,mc,,
skcksb,mc,,
skckshc,mc,,
skfindiaindus,mc,,
skipperpp,mc,,
skvbsd,mc,,
skybiotech,mc,,
skygold,mc,,
skywaysairser,mc,,
smallcap,mc,,
smauto,mc,,
smgold,mc,,
smlmahindra,mc,,
smrjewels,mc,,
smtengineering,mc,,
sobmere,mc,,
sofcomsystems,mc,,
softrakventure,mc,,
solanabiofuels,mc,,
sonaladhesives,mc,,
sonam,mc,,
sophiatraexpo,mc,,
spacapital,mc,,
spacenetent,mc,,
spandanasphoor,mc,,
sparcelectrex,mc,,
spectrumelectr,mc,,
spencersrere,mc,,
spitzere,mc,,
spplre,mc,,
spppolymer,mc,,
sprayking,mc,,
sprayre,mc,,
spright,mc,,
sprightre,mc,,
squarefour,mc,,
sresthafinvest,mc,,
sresthare,mc,,
srikrishnacon,mc,,
srinibaspradha,mc,,
srmenergy,mc,,
srusteels,mc,,
ssil,mc,,
stallre,mc,,
stanleylife,mc,,
starhfre,mc,,
starlinepsent,mc,,
stephanotis,mc,,
steptwocorp,mc,,
sterlingpower,mc,,
sterlingwilson,mc,,
storagetechnol,mc,,
stridersimpex,mc,,
styrenix,mc,,
subex,mc,,
sudarshancolor,mc,,
sujalatrading,mc,,
sumitomo,mc,,
sumitwoods,mc,,
sundaramamc,mc,,
sundaramclayto,mc,,
sunitatools,mc,,
sunrajdiamond,mc,,
sunrakshakkind,mc,,
superiorind,mc,,
supernovaadvt,mc,,
suphapharmache,mc,,
supremeenginee,mc,,
supremeholding,mc,,
supremepower,mc,,
surajind,mc,,
suranisteeltu,mc,,
surfire,mc,,
suryodaysmall,mc,,
suumayaind,mc,,
suyoggurbaxani,mc,,
svarnimtradeu,mc,,
svpglobal,mc,,
swagtamtrading,mc,,
swarnasec,mc,,
swarnsaritajew,mc,,
swatipro,mc,,
swinvestments,mc,,
swissmilitary,mc,,
sylvanplyboard,mc,,
syrmasgs,mc,,
syschemindia,mc,,
systematixsec,mc,,
talwalkarsfit,mc,,
tamilsteeltube,mc,,
tarachand,mc,,
tarc,mc,,
tataassetmgt,mc,,
tatagoldetf,mc,,
tatamotorscom,mc,,
tataniftyind,mc,,
tatapower,mc,,
tatapvtbank,mc,,
tatasilveretf,mc,,
tatasteel,mc,,
taurusamc,mc,,
tbotek,mc,,
techknowgreen,mc,,
technoelectric,mc,,
teerthgopicon,mc,,
tejascargoind,mc,,
tejinfoways,mc,,
telecanorglob,mc,,
telecommunicationserviceprovider,mc,,
temboglobal,mc,,
texelind,mc,,
theyamunasynd,mc,,
threempaperb,mc,,
tiaanconsumer,mc,,
tierraagrotech,mc,,
tilre,mc,,
timetechno,mc,,
tinplate,mc,,
tipsfilms,mc,,
tipsmusic,mc,,
titanintech,mc,,
tmb,mc,,
tmpv,mc,,
tpcl,mc,,
tradewellhold,mc,,
transpactenter,mc,,
transportinfrastructure,mc,,
tranway21tech,mc,,
travelsre,mc,,
trekkingtoesco,mc,,
triliance,mc,,
trishaktiind,mc,,
trivenienterpr,mc,,
trucapfinance,mc,,
trustassetmgt,mc,,
trustwavesec,mc,,
tulivedevelop,mc,,
tulsyannec,mc,,
tunwalemotors,mc,,
tvsinfratrust,mc,,
tvsmotorpref,mc,,
udayshivakumar,mc,,
uhzavere,mc,,
ujjivansmall,mc,,
ultrawiringco,mc,,
unifiassetmgt,mc,,
unifinzcapital,mc,,
unihealthhospi,mc,,
unionamcpvt,mc,,
unipartsindia,mc,,
unitedcotfab,mc,,
uniteddrilling,mc,,
unitedfood,mc,,
unitedleasing,mc,,
unominda,mc,,
updaterservice,mc,,
uphotels,mc,,
upil,mc,,
uravidefence,mc,,
urbanenviro,mc,,
ursugarind,mc,,
ushanticolour,mc,,
utibsesenne,mc,,
utibsesensex,mc,,
utigoldetf,mc,,
utimidcap150,mc,,
utinif10getf,mc,,
utinif5getf,mc,,
utinifitetf,mc,,
utinifty50etf,mc,,
utiniftybank,mc,,
utiniftynext,mc,,
utisilveretf,mc,,
valencianutrit,mc,,
valenciare,mc,,
valorestate,mc,,
vardhmanacryli,mc,,
vasconengineer,mc,,
vasudhagamaent,mc,,
vatechwabag,mc,,
vaxtex,mc,,
veedolcorp,mc,,
vel,mc,,
veloxshipping,mc,,
velre,mc,,
venkateshref,mc,,
veritaasadvert,mc,,
vertisinfra,mc,,
vertoz,mc,,
viaztyres,mc,,
vikalpsec,mc,,
vikshiteng,mc,,
vinayakpolycon,mc,,
vincofere,mc,,
vineetlab,mc,,
vineetre,mc,,
vinnyoverseas,mc,,
vintagesec,mc,,
vipindustries,mc,,
viramsuvarn,mc,,
viramsuvarnre,mc,,
viratleasing,mc,,
virtuosooptoel,mc,,
viryaresources,mc,,
visachrome,mc,,
vishnuchemical,mc,,
vishvaprabha,mc,,
vishveshaminve,mc,,
vistaramar,mc,,
vitesseagroli,mc,,
vlinfraprojec,mc,,
voltaireleasin,mc,,
vsfprojects,mc,,
vsfprojre,mc,,
waareerenewabl,mc,,
waareetech,mc,,
wagendinfra,mc,,
wardwizard,mc,,
wardwizardinno,mc,,
wardwizfbl,mc,,
wealthcompany,mc,,
webelementsol,mc,,
welspunliving,mc,,
westleisure,mc,,
westlifefood,mc,,
whiteoakcaptal,mc,,
winnyimmi,mc,,
winproind,mc,,
wisetravel,mc,,
womancart,mc,,
wonderelect,mc,,
woodwoodproducts,mc,,
worthinvt,mc,,
wsfxglobalpay,mc,,
yaanenterprise,mc,,
yaapdigital,mc,,
yaashvijewelle,mc,,
yajurfibres,mc,,
yarnsynre,mc,,
yashhtejindust,mc,,
yorkexports,mc,,
yugre,mc,,
yugre1,mc,,
zentech,mc,,
zer1drate,mc,,
zernifty50,mc,,
zerodhaassetm,mc,,
zerodhagold,mc,,
zeronifty100,mc,,
zeroniftymid,mc,,
zerscap100,mc,,
zersilveretf,mc,,
zfcvindia,mc,,
zinemamedia,mc,,
zyduslife,mc,,
bankprivate,mc,Banks - Private Sector,1010
banksprivatesector,mc,Banks - Private Sector,1010
bankspublicsector,mc,Banks - Public Sector,1011
financegeneral,mc,NBFC,1012
financehousing,mc,NBFC,1012
financeinvestment,mc,NBFC,1012
financeinvestments,mc,NBFC,1012
financeleasinghirepurchase,mc,NBFC,1012
financenbfc,mc,NBFC,1012
financeothers,mc,NBFC,1012
financetermlending,mc,NBFC,1012
financetermlendinginstitutions,mc,NBFC,1012
lifehealthinsurance,mc,Insurance,1013
financestockbroking,mc,Capital Markets & AMC,1014
bpoites,mc,IT - Software & Services,1020
computerssoftware,mc,IT - Software & Services,1020
computerssoftwaremediumsmall,mc,IT - Software & Services,1020
computerssoftwaretraining,mc,IT - Software & Services,1020
itservicesconsulting,mc,IT - Software & Services,1020
software,mc,IT - Software & Services,1020
computerperipherals,mc,IT - Hardware,1021
computershardware,mc,IT - Hardware,1021
telecommunicationsservice,mc,Telecom Services,1022
telecommunicationsservices,mc,Telecom Services,1022
cablestelephone,mc,Telecom Equipment,1023
telecommunicationequipment,mc,Telecom Equipment,1023
telecommunicationsequipment,mc,Telecom Equipment,1023
onlineservices,mc,Internet & E-Commerce,1024
lubricants,mc,Refineries & Marketing,1030
refineries,mc,Refineries & Marketing,1030
oildrillingandexploration,mc,Oil & Gas Exploration,1031
oilexplorationproduction,mc,Oil & Gas Exploration,1031
powergenerationdistribution,mc,Power - Generation,1032
cables,mc,Power - Transmission & Distribution,1033
cablespowerothers,mc,Power - Transmission & Distribution,1033
powertransmissionequipment,mc,Power - Transmission & Distribution,1033
transmissiontowersequipments,mc,Power - Transmission & Distribution,1033
renewables,mc,Gas Distribution & Renewables,1034
castingsforgings,mc,Steel,1040
ironsteel,mc,Steel,1040
metalscastingsforgings,mc,Steel,1040
steelcrhrstrips,mc,Steel,1040
steelgpgcsheets,mc,Steel,1040
steellarge,mc,Steel,1040
steelmediumsmall,mc,Steel,1040
steelpigiron,mc,Steel,1040
steelrolling,mc,Steel,1040
steelspongeiron,mc,Steel,1040
steeltubespipes,mc,Steel,1040
aluminium,mc,Non-Ferrous Metals,1041
aluminiumaluminiumproducts,mc,Non-Ferrous Metals,1041
metalsnonferrous,mc,Non-Ferrous Metals,1041
metalsmining,mc,Mining & Minerals,1042
miningminerals,mc,Mining & Minerals,1042
specialtyminingmetals,mc,Mining & Minerals,1042
cement,mc,Cement,1043
cementmajor,mc,Cement,1043
cementmini,mc,Cement,1043
cementconstructionmaterials,mc,Construction Materials,1044
cementproductsbuildingmaterials,mc,Construction Materials,1044
ceramicsgranite,mc,Construction Materials,1044
ceramicsmarblegranitesanitaryware,mc,Construction Materials,1044
glassglassproducts,mc,Construction Materials,1044
laminatesdecoratives,mc,Construction Materials,1044
otherconstructionmaterials,mc,Construction Materials,1044
refractories,mc,Construction Materials,1044
chemicals,mc,Chemicals,1045
commoditychemicals,mc,Chemicals,1045
detergents,mc,Chemicals,1045
diversifiedchemicals,mc,Chemicals,1045
dyespigments,mc,Chemicals,1045
othersindustrialgasesfuels,mc,Chemicals,1045
paints,mc,Chemicals,1045
paintsvarnishes,mc,Chemicals,1045
petrochemicals,mc,Chemicals,1045
plasticproducts,mc,Chemicals,1045
plasticproductsothers,mc,Chemicals,1045
plastics,mc,Chemicals,1045
plasticstubespipeshosesfittings,mc,Chemicals,1045
rubber,mc,Chemicals,1045
specialitychemicals,mc,Chemicals,1045
fertilisers,mc,Fertilisers & Agrochemicals,1046
fertilizers,mc,Fertilisers & Agrochemicals,1046
pesticidesagrochemicals,mc,Fertilisers & Agrochemicals,1046
containerspackaging,mc,Paper & Packaging,1047
packaging,mc,Paper & Packaging,1047
packagingmaterialscontainerspackaging,mc,Paper & Packaging,1047
packagingmaterialsplasticproducts,mc,Paper & Packaging,1047
packagingpackagingmaterials,mc,Paper & Packaging,1047
packagingsacksbags,mc,Paper & Packaging,1047
paper,mc,Paper & Packaging,1047
paperforestproducts,mc,Paper & Packaging,1047
paperpaperproducts,mc,Paper & Packaging,1047
plasticspetbottelsjarscontainers,mc,Paper & Packaging,1047
printingpublishing,mc,Paper & Packaging,1047
printingstationery,mc,Paper & Packaging,1047
batteries,mc,Electrical Equipment,1050
consumergoodselectronic,mc,Electrical Equipment,1050
drycells,mc,Electrical Equipment,1050
electricals,mc,Electrical Equipment,1050
electricequipment,mc,Electrical Equipment,1050
electrodeselectricalequipments,mc,Electrical Equipment,1050
electronicgoods,mc,Electrical Equipment,1050
electronics,mc,Electrical Equipment,1050
electronicscomponents,mc,Electrical Equipment,1050
abrasives,mc,Industrial Machinery,1051
bearings,mc,Industrial Machinery,1051
compressors,mc,Industrial Machinery,1051
electrodesgraphite,mc,Industrial Machinery,1051
engineering,mc,Industrial Machinery,1051
engineeringheavy,mc,Industrial Machinery,1051
engineeringindustrialequipments,mc,Industrial Machinery,1051
engines,mc,Industrial Machinery,1051
fasteners,mc,Industrial Machinery,1051
machinetools,mc,Industrial Machinery,1051
pumps,mc,Industrial Machinery,1051
textilesmachinery,mc,Industrial Machinery,1051
constructioncontractingcivil,mc,Construction & Engineering,1052
constructioncontractinghousing,mc,Construction & Engineering,1052
constructioncontractingrealestate,mc,Construction & Engineering,1052
constructioninfrastructure,mc,Construction & Engineering,1052
engineeringconstruction,mc,Construction & Engineering,1052
infrastructure,mc,Construction & Engineering,1052
infrastructuregeneral,mc,Construction & Engineering,1052
aerospacedefence,mc,Defence & Aerospace,1053
couriers,mc,Logistics & Shipping,1054
courierservices,mc,Logistics & Shipping,1054
groundfreightlogisticsservices,mc,Logistics & Shipping,1054
logistics,mc,Logistics & Shipping,1054
shipping,mc,Logistics & Shipping,1054
transportlogistics,mc,Logistics & Shipping,1054
autocarsjeeps,mc,Automobiles - Passenger Vehicles,1060
auto23wheelers,mc,Automobiles - 2 & 3 Wheelers,1061
automobile23wheelers,mc,Automobiles - 2 & 3 Wheelers,1061
autolcvshcvs,mc,Automobiles - Commercial Vehicles,1062
autotractors,mc,Automobiles - Commercial Vehicles,1062
autoancillaries,mc,Auto Components,1063
autoancillariesbrakes,mc,Auto Components,1063
autoancillariescastingsforgings,mc,Auto Components,1063
autoancillariesothers,mc,Auto Components,1063
autoancillariestyresrubberproducts,mc,Auto Components,1063
tyres,mc,Auto Components,1063
consumergoodswhitegoods,mc,Consumer Durables,1064
diamondcuttingjewellerypreciousmetals,mc,Consumer Durables,1064
diamondjewellery,mc,Consumer Durables,1064
domesticappliances,mc,Consumer Durables,1064
watchesaccessories,mc,Consumer Durables,1064
footwear,mc,Textiles & Apparel,1065
leatherproducts,mc,Textiles & Apparel,1065
textiles,mc,Textiles & Apparel,1065
textilesapparel,mc,Textiles & Apparel,1065
textilescompositemills,mc,Textiles & Apparel,1065
textilescottonblended,mc,Textiles & Apparel,1065
textilesdenim,mc,Textiles & Apparel,1065
textilesgeneral,mc,Textiles & Apparel,1065
textileshosieryknitwear,mc,Textiles & Apparel,1065
textilesmanmade,mc,Textiles & Apparel,1065
textilespinning,mc,Textiles & Apparel,1065
textilesprocessing,mc,Textiles & Apparel,1065
textilesreadymadeapparels,mc,Textiles & Apparel,1065
textilesspinningcottonblended,mc,Textiles & Apparel,1065
textilesspinningsyntheticblended,mc,Textiles & Apparel,1065
textilessyntheticsilk,mc,Textiles & Apparel,1065
textilesterrytowels,mc,Textiles & Apparel,1065
textilesweaving,mc,Textiles & Apparel,1065
textileswoollenworsted,mc,Textiles & Apparel,1065
aquaculture,mc,FMCG - Foods & Beverages,1070
breweriesdistilleries,mc,FMCG - Foods & Beverages,1070
cigarettes,mc,FMCG - Foods & Beverages,1070
consumerfood,mc,FMCG - Foods & Beverages,1070
edibleoilssolventextraction,mc,FMCG - Foods & Beverages,1070
fishpoultrymeatproducts,mc,FMCG - Foods & Beverages,1070
foodprocessing,mc,FMCG - Foods & Beverages,1070
otheragricultureproducts,mc,FMCG - Foods & Beverages,1070
sugar,mc,FMCG - Foods & Beverages,1070
vanaspatioils,mc,FMCG - Foods & Beverages,1070
vegetableoilsproducts,mc,FMCG - Foods & Beverages,1070
householdpersonalproducts,mc,FMCG - Personal Care,1071
personalcare,mc,FMCG - Personal Care,1071
agriculture,mc,Agri & Plantation,1072
plantationsteacoffee,mc,Agri & Plantation,1072
teacoffee,mc,Agri & Plantation,1072
automobiledealersdistributors,mc,Retail,1073
fooddrugretailing,mc,Retail,1073
retail,mc,Retail,1073
retailing,mc,Retail,1073
specialityretailers,mc,Retail,1073
trading,mc,Retail,1073
pharmaceuticals,mc,Pharmaceuticals,1080
pharmaceuticalsdrugs,mc,Pharmaceuticals,1080
hospitalhealthcareservices,mc,Healthcare Services,1081
hospitalsmedicalservices,mc,Healthcare Services,1081
labslifesciencesservices,mc,Diagnostics & Medical Devices,1082
medicalequipmentsuppliesaccessories,mc,Diagnostics & Medical Devices,1082
constructionrealestate,mc,Real Estate,1090
constructionresidentialcommercialcomplexes,mc,Real Estate,1090
realestaterentaldevelopmentoperations,mc,Real Estate,1090
diversified,mc,Diversified / Holding,1100
hotelresortrestaurants,mc,"Hospitality, Travel & Leisure",1101
hotels,mc,"Hospitality, Travel & Leisure",1101
leisureservices,mc,"Hospitality, Travel & Leisure",1101
travelservices,mc,"Hospitality, Travel & Leisure",1101
filmproductiondistributionentertainment,mc,Media & Entertainment,1102
media,mc,Media & Entertainment,1102
mediaentertainment,mc,Media & Entertainment,1102
tvbroadcastingsoftwareproduction,mc,Media & Entertainment,1102
educationalinstitutions,mc,Education,1103
iteducation,mc,Education,1103
misccommercialservices,mc,Other / Miscellaneous,1104
miscellaneous,mc,Other / Miscellaneous,1104
Financial Services,nse,Capital Markets & AMC,1014
Information Technology,nse,IT - Software & Services,1020
Telecommunication,nse,Telecom Services,1022
Oil Gas & Consumable Fuels,nse,Oil & Gas Exploration,1031
Power,nse,Power - Generation,1032
Utilities,nse,Power - Generation,1032
Metals & Mining,nse,Mining & Minerals,1042
Construction Materials,nse,Construction Materials,1044
Chemicals,nse,Chemicals,1045
Forest Materials,nse,Paper & Packaging,1047
Capital Goods,nse,Industrial Machinery,1051
Construction,nse,Construction & Engineering,1052
Automobile and Auto Components,nse,Auto Components,1063
Consumer Durables,nse,Consumer Durables,1064
Textiles,nse,Textiles & Apparel,1065
Fast Moving Consumer Goods,nse,FMCG - Foods & Beverages,1070
Healthcare,nse,Pharmaceuticals,1080
Realty,nse,Real Estate,1090
Diversified,nse,Diversified / Holding,1100
Consumer Services,nse,"Hospitality, Travel & Leisure",1101
Media Entertainment & Publication,nse,Media & Entertainment,1102
Services,nse,Other / Miscellaneous,1104
